Date,region,totaltests,covidsheild_vials,Covaxin_vials,medical_employee,first_dose_administration,second_dose_administration
10/16/2020,NELLORE,3298,486,1029,14,144,392
10/28/2020,ViJAYAWADA,1760,1719,2819,134,147,268
12/4/2020,ViJAYAWADA,1116,1663,2403,135,214,316
11/18/2020,ViJAYAWADA,1049,1129,2353,173,222,248
5/14/2021,SEC,563,1103,2492,175,128,350
3/5/2021,NELLORE,601,269,3504,142,230,348
7/8/2020,SEC,2536,252,1877,112,222,375
8/9/2020,ViJAYAWADA,2613,980,2955,89,190,318
3/21/2021,SEC,2190,1468,674,74,152,344
11/12/2020,NELLORE,2959,73,3871,39,224,312
2/15/2021,ViJAYAWADA,161,71,708,51,205,390
1/11/2021,NELLORE,1419,1423,162,83,150,372
10/31/2020,NELLORE,2883,1322,490,13,167,404
7/7/2020,ViJAYAWADA,1523,818,1214,47,227,346
12/27/2020,ViJAYAWADA,1058,192,2605,19,197,264
10/10/2020,NELLORE,3186,1352,1697,56,207,244
3/18/2021,NELLORE,1434,167,3846,87,191,265
8/7/2020,SEC,276,715,1908,113,185,403
4/3/2021,SEC,3657,354,3593,106,176,242
3/20/2021,NELLORE,624,1550,1393,86,188,238
4/14/2021,ViJAYAWADA,52,95,685,179,158,349
9/25/2020,ViJAYAWADA,1675,1141,3585,177,152,286
8/9/2020,ViJAYAWADA,743,1050,855,81,223,291
10/7/2020,ViJAYAWADA,3696,694,290,110,223,386
12/27/2020,SEC,832,858,2649,139,169,238
9/11/2020,SEC,3580,1172,3989,45,203,262
12/20/2020,ViJAYAWADA,3633,1211,2442,140,180,240
4/13/2021,SEC,1501,1081,2380,130,188,355
9/21/2020,SEC,571,977,3691,87,202,401
4/10/2021,NELLORE,3345,1508,3557,152,184,276
9/10/2020,NELLORE,2481,869,531,57,164,346
7/25/2020,SEC,140,1559,2717,50,166,409
10/9/2020,NELLORE,1060,1694,77,40,209,329
3/24/2021,ViJAYAWADA,578,334,1756,47,177,220
8/9/2020,SEC,1833,546,2826,44,210,248
7/6/2020,ViJAYAWADA,3471,481,2314,54,194,323
2/11/2021,SEC,3091,795,1070,74,202,260
8/11/2020,ViJAYAWADA,491,1547,205,88,191,243
9/3/2020,NELLORE,1048,762,1253,73,155,321
6/16/2020,NELLORE,1390,337,1551,76,174,216
7/1/2020,SEC,843,929,857,137,121,305
11/15/2020,ViJAYAWADA,432,1135,1107,112,180,337
11/22/2020,ViJAYAWADA,3682,1440,184,212,205,337
5/15/2021,ViJAYAWADA,2518,372,581,128,126,397
8/31/2020,NELLORE,861,165,2370,196,195,260
12/5/2020,SEC,2317,1650,3577,74,211,262
12/18/2020,SEC,1705,486,2360,118,204,283
4/16/2021,ViJAYAWADA,2622,731,2966,147,201,311
1/7/2021,ViJAYAWADA,1708,1233,2922,18,197,392
7/26/2020,NELLORE,913,915,350,133,164,376
1/31/2021,ViJAYAWADA,216,1489,2249,166,185,364
6/22/2020,SEC,2446,366,1811,80,189,244
10/16/2020,SEC,2462,66,697,38,133,242
2/4/2021,SEC,3553,1690,513,195,154,349
12/9/2020,ViJAYAWADA,1151,1431,3965,125,144,293
7/31/2020,ViJAYAWADA,25,1249,1876,6,220,255
10/6/2020,NELLORE,746,1305,2425,92,146,330
1/26/2021,ViJAYAWADA,215,629,3960,85,214,398
6/14/2020,ViJAYAWADA,2593,1331,1701,54,209,264
5/25/2020,NELLORE,586,228,3020,12,126,351
6/3/2020,NELLORE,1763,1216,1768,40,136,218
12/24/2020,NELLORE,568,877,1613,74,187,302
4/7/2021,SEC,3451,396,1263,118,156,294
4/18/2021,SEC,1347,23,3973,53,221,358
6/26/2020,NELLORE,646,354,2317,135,174,319
2/15/2021,NELLORE,1697,1402,3505,79,199,281
5/22/2020,ViJAYAWADA,3439,566,1062,40,204,369
3/12/2021,NELLORE,3337,1259,1440,51,134,326
3/17/2021,ViJAYAWADA,2948,1184,521,72,185,331
6/14/2020,SEC,1722,388,2065,134,201,227
3/28/2021,NELLORE,282,69,2550,153,155,346
8/30/2020,ViJAYAWADA,1804,770,189,164,229,339
5/12/2021,NELLORE,3419,1707,2654,69,211,410
2/5/2021,ViJAYAWADA,1145,241,3690,101,172,300
5/7/2021,NELLORE,1930,308,3547,22,132,277
7/15/2020,ViJAYAWADA,2907,1399,1133,97,169,377
10/8/2020,ViJAYAWADA,3270,1652,1767,186,125,372
11/3/2020,SEC,2513,1460,3597,210,127,328
9/16/2020,SEC,1837,201,1430,135,159,340
4/30/2021,NELLORE,1701,1638,3816,203,207,264
6/21/2020,NELLORE,1402,463,3197,100,208,268
3/1/2021,NELLORE,25,588,3383,149,193,270
12/7/2020,ViJAYAWADA,3638,122,884,178,180,244
7/9/2020,NELLORE,772,388,3082,12,148,372
4/13/2021,NELLORE,1062,1255,1708,86,176,291
5/15/2021,SEC,3984,1033,2431,200,196,245
3/18/2021,NELLORE,2791,1176,2107,194,147,267
2/18/2021,SEC,3530,1496,2938,38,154,353
6/22/2020,SEC,3627,1668,1988,59,175,397
11/22/2020,ViJAYAWADA,1482,921,2864,16,222,222
1/12/2021,SEC,634,490,1832,176,131,250
7/14/2020,SEC,3669,1501,634,181,174,273
9/18/2020,ViJAYAWADA,445,911,2485,169,202,314
12/14/2020,NELLORE,1042,1664,3302,69,155,407
10/4/2020,ViJAYAWADA,2161,775,155,187,165,212
5/24/2020,ViJAYAWADA,297,1430,385,13,222,246
6/7/2020,ViJAYAWADA,2637,223,3471,51,173,373
4/23/2021,SEC,3819,1665,3146,32,147,292
10/27/2020,NELLORE,766,182,1809,144,174,214
12/10/2020,NELLORE,3366,424,1436,14,211,246
